{"accuracy": [0.31464001536369324, 0.4089658260345459, 0.4448779225349426, 0.4629907011985779, 0.48695531487464905, 0.49444425106048584, 0.5072277188301086, 0.5200459957122803, 0.5264202952384949, 0.534605860710144], "loss": [1.7082804441452026, 1.5287036895751953, 1.4403259754180908, 1.394644856452942, 1.3477941751480103, 1.316821575164795, 1.2914518117904663, 1.257090449333191, 1.237723469734192, 1.2093396186828613], "val_accuracy": [0.399972140789032, 0.45305100083351135, 0.48202842473983765, 0.48829758167266846, 0.5121203660964966, 0.5140707492828369, 0.5146280527114868, 0.5293954014778137, 0.531624436378479, 0.5420730113983154], "val_loss": [1.5424319505691528, 1.4242719411849976, 1.3684009313583374, 1.3493034839630127, 1.2922078371047974, 1.2809654474258423, 1.267397165298462, 1.2409658432006836, 1.2455554008483887, 1.2275974750518799]}